t;k;z;done;failed
0;0;0;0;0
0.9156158053673119;1;1;0;0
1.456591149860884;0;0;1;0
1.6481984105378524;1;1;1;0
2.1439497082852603;2;1;1;0
4.004892571977317;1;0;2;0
4.8372562087963935;2;1;2;0
5.219789889943443;2;1;2;1
5.798179706277897;2;1;2;2
5.914280078953917;2;1;2;3
6.8382314377315225;1;0;3;3
6.982342873587782;2;1;3;3
7.315906984217217;2;1;3;4
8.562801122699405;1;0;4;4
8.936559730528375;2;1;4;4
11.079129853034662;2;1;4;5
11.679712991775931;2;1;4;6
11.943892252312983;2;1;4;7
13.557972905530775;1;0;5;7
13.896453330051715;2;1;5;7
14.800452637055471;1;0;6;7
14.92269957282516;2;1;6;7
16.94278796266;1;0;7;7
17.07114673137264;2;1;7;7
21.613575048401025;1;0;8;7
21.658639522691377;2;1;8;7
22.42078163385341;1;0;9;7
23.460599483650086;2;1;9;7
23.949400073205098;2;1;9;8
24.31019087827615;2;1;9;9
24.781077683305554;1;0;10;9
24.848147329790095;2;1;10;9
25.46167352453225;1;0;11;9
25.653113912732778;2;1;11;9
25.94084497717438;2;1;11;10
26.181499875856055;2;1;11;11
26.78315060415756;1;0;12;11
27.213263889666102;2;1;12;11
27.53965143098513;1;0;13;11
27.653988855351024;2;1;13;11
28.16676794197944;1;0;14;11
28.171219155228204;2;1;14;11
29.40691153945691;2;1;14;12
30.45545510955405;1;0;15;12
31.459153120089052;2;1;15;12
31.548858874171408;2;1;15;13
32.19603958460944;1;0;16;13
33.659215624935335;2;1;16;13
34.23744961767577;1;0;17;13
35.4774662350572;2;1;17;13
36.504473443120496;1;0;18;13
36.59820124826215;2;1;18;13
36.921224719351784;1;0;19;13
37.10325421121708;2;1;19;13
37.47211773049115;2;1;19;14
38.64963245672303;1;0;20;14
38.904597009889216;2;1;20;14
39.295926484103035;1;0;21;14
40.42248291807379;2;1;21;14
41.874540762487925;2;1;21;15
42.65972548397484;1;0;22;15
42.79581115640446;2;1;22;15
43.71227819548517;1;0;23;15
44.02879273937039;2;1;23;15
44.77399544044188;2;1;23;16
44.82594936173323;2;1;23;17
45.28788498298373;2;1;23;18
46.14037433407556;1;0;24;18
46.18200462046572;2;1;24;18
46.33162563379324;2;1;24;19
46.66391750859389;1;0;25;19
47.68158446492367;2;1;25;19
48.596374449584765;2;1;25;20
50.17828380234772;2;1;25;21
50.242817501193706;2;1;25;22
50.425449629543714;1;0;26;22
50.44162733130098;2;1;26;22
50.72300910047008;2;1;26;23
51.51180889593566;1;0;27;23
52.22921360774818;2;1;27;23
52.62634985096346;2;1;27;24
52.82602871903119;2;1;27;25
54.89195630450948;1;0;28;25
55.00411797556933;2;1;28;25
55.14007735746741;2;1;28;26
55.535745758113194;2;1;28;27
55.96263351218416;2;1;28;28
55.99315994971207;1;0;29;28
56.34838328334793;2;1;29;28
58.252896883549596;1;0;30;28
59.79849923350389;2;1;30;28
60.07133154898106;2;1;30;29
60.482254092382526;2;1;30;30
61.1089063747617;2;1;30;31
62.4228527309792;2;1;30;32
62.50055656942347;2;1;30;33
62.77363077027973;1;0;31;33
63.05866472559652;2;1;31;33
63.329682579745025;2;1;31;34
63.83411243760296;2;1;31;35
64.01288584550156;2;1;31;36
64.0133413389089;1;0;32;36
64.05060005974512;2;1;32;36
66.29487531915102;1;0;33;36
66.36571426559432;2;1;33;36
66.4606483587207;2;1;33;37
66.67650663683241;2;1;33;38
66.7325514842514;2;1;33;39
66.90950091573359;1;0;34;39
67.3391059204908;2;1;34;39
67.72626616169396;1;0;35;39
68.52227233520519;2;1;35;39
69.49783835582234;2;1;35;40
70.2450903745986;1;0;36;40
70.31174754059646;2;1;36;40
71.90406622299774;2;1;36;41
72.27102466592545;1;0;37;41
73.009245930016;2;1;37;41
73.74535305278413;1;0;38;41
73.79238935463506;2;1;38;41
75.59080472787565;1;0;39;41
75.63540806718939;2;1;39;41
75.88807974600071;1;0;40;41
76.04437607313443;2;1;40;41
77.30339568596762;1;0;41;41
77.6672124215232;2;1;41;41
78.00499724760824;2;1;41;42
79.32591971420452;2;1;41;43
79.40135456350103;1;0;42;43
80.10885134289808;2;1;42;43
80.44661041536796;2;1;42;44
80.59837651736832;2;1;42;45
80.66784629486777;1;0;43;45
81.09107040231038;2;1;43;45
81.29156760377651;2;1;43;46
81.31277581500397;2;1;43;47
81.67347170269315;2;1;43;48
82.24563110300731;2;1;43;49
82.4127024512152;1;0;44;49
82.44817981203151;2;1;44;49
83.24367341831497;2;1;44;50
83.35452148632878;1;0;45;50
83.7093910880897;2;1;45;50
85.83393180481266;1;0;46;50
86.15844522695886;2;1;46;50
86.7478966501847;1;0;47;50
88.47310965357521;2;1;47;50
89.57608881782797;1;0;48;50
89.71171150292885;2;1;48;50
89.99217143532192;2;1;48;51
90.3321262422721;1;0;49;51
91.55663037113439;2;1;49;51
91.80037947892856;2;1;49;52
91.95808908195345;2;1;49;53
92.61150388744687;2;1;49;54
94.68640498051523;1;0;50;54
94.76760614909352;2;1;50;54
95.30282181151463;1;0;51;54
95.85153403973261;2;1;51;54
96.46613430399637;2;1;51;55
97.10792046316718;1;0;52;55
97.24060712155728;2;1;52;55
97.52303571019768;2;1;52;56
97.5781601889793;1;0;53;56
98.39653787709807;2;1;53;56
98.44638473362954;2;1;53;57
98.86497014977658;2;1;53;58
99.03156348931458;2;1;53;59
99.78397666555604;1;0;54;59
100.25676193776366;2;1;54;59
102.63344706700182;1;0;55;59
102.79105988022182;2;1;55;59
103.61682709153295;2;1;55;60
105.63034504498584;1;0;56;60
106.34056654543184;2;1;56;60
106.94292518745166;1;0;57;60
107.18530969898086;2;1;57;60
107.92006245959517;1;0;58;60
107.92698950473594;2;1;58;60
108.06886907676923;1;0;59;60
108.49796605899319;2;1;59;60
109.37886175316996;2;1;59;61
109.94227315699138;2;1;59;62
110.1814357761156;1;0;60;62
111.18076999786486;2;1;60;62
112.87289704481277;1;0;61;62
113.13532744903358;2;1;61;62
113.18994571332429;2;1;61;63
113.71858721940126;2;1;61;64
113.73954213069209;2;1;61;65
113.82712606000645;2;1;61;66
114.13020876859562;1;0;62;66
114.60281719832521;2;1;62;66
115.56499673254685;2;1;62;67
115.78803924546179;2;1;62;68
115.81188180375614;2;1;62;69
115.97857900316014;1;0;63;69
116.35224417487598;2;1;63;69
116.56473835528807;1;0;64;69
116.89317327619233;2;1;64;69
118.10801662414462;2;1;64;70
119.41639276213705;1;0;65;70
119.51084214630652;2;1;65;70
121.69343961289043;1;0;66;70
122.30944817646899;2;1;66;70
122.34941836205856;2;1;66;71
122.39400881596876;2;1;66;72
123.19393374596038;1;0;67;72
123.27759376251353;2;1;67;72
124.66645816359862;2;1;67;73
128.46445152584147;1;0;68;73
128.970914252914;2;1;68;73
130.72432047578516;1;0;69;73
130.88828207145866;2;1;69;73
130.966482611639;1;0;70;73
132.93489192160615;2;1;70;73
133.43960927149428;1;0;71;73
134.3527496578708;2;1;71;73
135.33215298083172;1;0;72;73
135.88271936770957;2;1;72;73
136.15401430191793;2;1;72;74
136.41914870051258;2;1;72;75
136.4653110053359;1;0;73;75
136.53143808915863;2;1;73;75
138.77000185591615;1;0;74;75
138.8807926122278;2;1;74;75
139.27347381560296;1;0;75;75
139.32464431824755;2;1;75;75
139.51188059946938;2;1;75;76
140.90029550776197;1;0;76;76
140.94983344372702;2;1;76;76
141.54948628140258;1;0;77;76
141.69065256588615;2;1;77;76
143.08126697740224;1;0;78;76
143.38618846000276;2;1;78;76
144.6237717513124;1;0;79;76
144.97144980050427;2;1;79;76
146.1412906022029;1;0;80;76
147.13995132246743;2;1;80;76
149.19472610028862;1;0;81;76
149.2387533197535;2;1;81;76
150.25001097208354;2;1;81;77
150.26463084497087;2;1;81;78
151.56248679758113;2;1;81;79
152.5230925208356;1;0;82;79
153.79242069298974;2;1;82;79
156.45308726892418;1;0;83;79
156.53215867022533;2;1;83;79
156.72919331479494;2;1;83;80
157.28292021984245;2;1;83;81
159.2962530324215;1;0;84;81
159.38222278438207;2;1;84;81
159.95976043652374;1;0;85;81
160.38834965417027;2;1;85;81
160.90918283694995;1;0;86;81
161.22899928700664;2;1;86;81
162.1640216467855;1;0;87;81
162.20797207534238;2;1;87;81
162.70894871195586;1;0;88;81
162.99299371657852;2;1;88;81
163.21504567457663;2;1;88;82
163.3484594943142;1;0;89;82
163.66372682536908;2;1;89;82
164.26685598377455;1;0;90;82
165.50345021926245;2;1;90;82
165.80783700509622;2;1;90;83
169.3534921901613;1;0;91;83
169.648056602236;2;1;91;83
170.2446588952263;1;0;92;83
171.11716685247015;2;1;92;83
171.4540249660014;2;1;92;84
171.65486262930557;2;1;92;85
173.10115074289837;1;0;93;85
173.25394132270392;2;1;93;85
174.21933998988337;1;0;94;85
174.92901034856456;2;1;94;85
175.87441428716505;1;0;95;85
176.00936391857502;2;1;95;85
177.19602890585855;1;0;96;85
177.93067231428233;2;1;96;85
179.8805125009315;2;1;96;86
180.38516686653392;2;1;96;87
180.50843762803208;1;0;97;87
180.77029496633463;2;1;97;87
181.920732132408;1;0;98;87
182.0616128385936;2;1;98;87
183.1464402800233;2;1;98;88
183.6934747564616;1;0;99;88
184.5014435056719;2;1;99;88
184.60579136301533;1;0;100;88
185.0913772609165;2;1;100;88
185.79736557586747;2;1;100;89
186.22567281344814;2;1;100;90
186.30118153669275;2;1;100;91
186.56296726484095;2;1;100;92
186.6620410399925;2;1;100;93
186.69940546702966;2;1;100;94
191.68761317305402;1;0;101;94
192.3601050738257;2;1;101;94
192.38212052017604;2;1;101;95
192.5169440044352;2;1;101;96
192.72392934625108;2;1;101;97
193.0430717242299;1;0;102;97
193.80397639706683;2;1;102;97
193.83712507009827;1;0;103;97
194.09584830069392;2;1;103;97
194.35024824351774;1;0;104;97
194.6868748130353;2;1;104;97
196.07129307332352;1;0;105;97
196.073932871399;2;1;105;97
196.31289363816774;1;0;106;97
196.5505603611056;2;1;106;97
197.1420528197423;2;1;106;98
197.78639565528013;1;0;107;98
198.18739955435188;2;1;107;98
198.30235396630488;1;0;108;98
198.9883800308523;2;1;108;98
199.33843712979217;2;1;108;99
199.59031223948477;1;0;109;99
200.0959521845938;2;1;109;99
202.35186566137244;1;0;110;99
203.67636031240906;2;1;110;99
204.1817948089828;1;0;111;99
204.2086438086916;2;1;111;99
204.31363220596955;1;0;112;99
204.74171391673272;2;1;112;99
205.33662496547467;1;0;113;99
206.93552283063428;2;1;113;99
207.1024975867675;2;1;113;100
207.35782966495324;2;1;113;101
208.18677838667224;2;1;113;102
208.76906597964694;2;1;113;103
208.97696540627615;2;1;113;104
209.7110919000942;2;1;113;105
210.76486890873875;2;1;113;106
211.81719374443537;1;0;114;106
211.86076030688005;2;1;114;106
212.27552085395865;2;1;114;107
212.64711931693805;2;1;114;108
212.65329742304073;2;1;114;109
212.87646623554994;2;1;114;110
213.23485759224624;2;1;114;111
214.15177768880935;1;0;115;111
214.55951195902577;2;1;115;111
215.0114117899421;2;1;115;112
215.3073028017665;2;1;115;113
215.43397109413453;2;1;115;114
215.55517536078455;2;1;115;115
215.69196556118106;2;1;115;116
217.12816591283743;1;0;116;116
217.55488145506772;2;1;116;116
217.68575026502197;2;1;116;117
217.86958238501998;1;0;117;117
218.87785211916696;2;1;117;117
220.65332954559392;1;0;118;117
220.7188091325579;2;1;118;117
221.61356350717966;1;0;119;117
221.66248388816027;2;1;119;117
221.9169348383456;2;1;119;118
223.04298962714458;1;0;120;118
223.25716798390292;2;1;120;118
223.95448313193017;1;0;121;118
224.0671535976972;2;1;121;118
224.95724593636712;2;1;121;119
225.5718948111049;2;1;121;120
226.300040085949;2;1;121;121
227.6752457257441;1;0;122;121
228.01553826484027;2;1;122;121
228.18052020716704;2;1;122;122
230.1525273405642;1;0;123;122
231.6092958914998;2;1;123;122
232.40546704604733;2;1;123;123
236.671183870022;1;0;124;123
237.28576480882333;2;1;124;123
238.14038947938388;1;0;125;123
239.02707610545318;2;1;125;123
241.47375206727972;1;0;126;123
242.25013988506808;2;1;126;123
242.58872878686432;2;1;126;124
243.78955664828968;1;0;127;124
244.04383985924466;2;1;127;124
244.21813881546544;2;1;127;125
245.64151139913815;1;0;128;125
245.83311309695057;2;1;128;125
246.3687521007809;1;0;129;125
246.39352268065963;2;1;129;125
246.8399469153968;2;1;129;126
247.96196224728124;1;0;130;126
248.28199373070055;2;1;130;126
248.4642039703341;2;1;130;127
250.86085015449493;1;0;131;127
251.12206318594195;2;1;131;127
252.45829476205867;1;0;132;127
252.79978212544793;2;1;132;127
253.86851731240648;1;0;133;127
255.3043158270935;2;1;133;127
255.73189028840585;2;1;133;128
256.83429890541146;2;1;133;129
257.3954658993742;2;1;133;130
258.09837823509133;1;0;134;130
258.4056638071063;2;1;134;130
258.4367063392339;2;1;134;131
259.74540298167335;2;1;134;132
260.2260314046213;2;1;134;133
260.7546172943252;1;0;135;133
260.8339521825542;2;1;135;133
262.2231843977692;1;0;136;133
262.39247395717257;2;1;136;133
263.53108236562605;1;0;137;133
264.002100618776;2;1;137;133
264.73599562281714;1;0;138;133
265.19106140865733;2;1;138;133
265.2850338701459;1;0;139;133
266.31823479616054;2;1;139;133
267.24554991060467;1;0;140;133
267.58148216958324;2;1;140;133
269.2281659335587;1;0;141;133
270.1087845933316;2;1;141;133
271.055350418669;1;0;142;133
271.59899520913024;2;1;142;133
272.21316862920554;2;1;142;134
272.34273439236154;2;1;142;135
272.3637751002691;2;1;142;136
273.6741960218916;1;0;143;136
273.6940540409335;2;1;143;136
274.20624080339024;1;0;144;136
274.73401772579604;2;1;144;136
276.47330895409374;1;0;145;136
277.1233527937668;2;1;145;136
278.1710317011265;1;0;146;136
279.3508401769908;2;1;146;136
281.13079242205816;2;1;146;137
281.49746585484036;2;1;146;138
282.041463502015;1;0;147;138
283.8043236216797;2;1;147;138
284.72462484790043;2;1;147;139
284.9202391834747;1;0;148;139
285.7640921954198;2;1;148;139
286.0696546564488;1;0;149;139
286.7285001718755;2;1;149;139
286.89746765970386;2;1;149;140
288.2005640967784;1;0;150;140
288.2460418518028;2;1;150;140
288.35672618599403;2;1;150;141
291.61451875081684;1;0;151;141
291.7545537775808;2;1;151;141
292.7851510389509;2;1;151;142
293.1853858780506;2;1;151;143
293.264256813887;1;0;152;143
293.3877709399879;2;1;152;143
294.39899386355876;1;0;153;143
294.73469479277577;2;1;153;143
296.48658877722187;1;0;154;143
296.9656500582759;2;1;154;143
297.07793666995497;2;1;154;144
298.50344087445325;1;0;155;144
298.5464319138755;2;1;155;144
299.8143392020662;2;1;155;145
300.0130195873945;2;1;155;146
300.16908503646573;2;1;155;147
300.2217697343728;2;1;155;148
300.22932446489045;2;1;155;149
300.7260018555545;1;0;156;149
300.7909519840245;2;1;156;149
301.8000210117813;1;0;157;149
302.9155160874882;2;1;157;149
303.6612104283478;2;1;157;150
305.3773229958494;1;0;158;150
305.80439046488254;2;1;158;150
305.8892040092846;2;1;158;151
306.9930701421921;1;0;159;151
307.5718039924091;2;1;159;151
310.31414850651606;1;0;160;151
310.78469608143945;2;1;160;151
312.12076090214623;1;0;161;151
313.89041746440734;2;1;161;151
314.3857036535374;2;1;161;152
317.2379131886856;1;0;162;152
317.25751824952044;2;1;162;152
317.80563141454303;1;0;163;152
319.01462919310586;2;1;163;152
319.0388149408979;1;0;164;152
319.10182122479216;2;1;164;152
319.58495455490703;1;0;165;152
319.6773415056329;2;1;165;152
321.41025644490367;2;1;165;153
325.78419447101095;1;0;166;153
326.278062315616;2;1;166;153
327.3213014680318;2;1;166;154
327.9250211814404;1;0;167;154
328.3413475289802;2;1;167;154
328.4734392885022;2;1;167;155
329.6308664009752;1;0;168;155
329.7646812804904;2;1;168;155
331.3217147224455;1;0;169;155
331.4546374148361;2;1;169;155
332.7884882106771;1;0;170;155
332.99926413132835;2;1;170;155
334.9253605344404;1;0;171;155
335.3389952213681;2;1;171;155
335.80440916420105;2;1;171;156
336.23242652017933;2;1;171;157
337.9281371382042;1;0;172;157
338.56284938724156;2;1;172;157
338.9408731368249;2;1;172;158
339.47269871819645;1;0;173;158
340.2719578888096;2;1;173;158
341.6800376617502;2;1;173;159
342.66933237878817;2;1;173;160
342.82175606794993;1;0;174;160
343.49197406593305;2;1;174;160
344.1286184084382;1;0;175;160
345.20480438358754;2;1;175;160
345.2576859272539;2;1;175;161
345.7060903011878;1;0;176;161
346.09456000035937;2;1;176;161
348.4778710019344;1;0;177;161
348.61155987735424;2;1;177;161
349.15406792945845;1;0;178;161
350.35282459471836;2;1;178;161
350.7486123423985;1;0;179;161
351.5702854074618;2;1;179;161
352.4471632052642;1;0;180;161
352.9637757373851;2;1;180;161
353.98350146425867;2;1;180;162
354.0673329924124;1;0;181;162
354.571390225275;2;1;181;162
354.7074495858619;2;1;181;163
355.9398767540452;2;1;181;164
356.4720857475028;2;1;181;165
357.3131445380383;2;1;181;166
357.38156722355643;2;1;181;167
359.559029079687;1;0;182;167
361.32376502057326;2;1;182;167
361.5833944411521;1;0;183;167
362.31558965724116;2;1;183;167
362.8259775216545;2;1;183;168
363.7141255083877;2;1;183;169
363.8456867801781;2;1;183;170
365.67193747969486;1;0;184;170
365.71191722569665;2;1;184;170
366.0984982133597;1;0;185;170
366.2743811072763;2;1;185;170
366.3224047828658;2;1;185;171
366.9881708644153;2;1;185;172
367.381600413295;2;1;185;173
368.0126466398278;1;0;186;173
368.03665480214715;2;1;186;173
368.07718516096537;2;1;186;174
369.9566059522201;1;0;187;174
370.27006192784853;2;1;187;174
371.196654313114;1;0;188;174
371.2391851724827;2;1;188;174
371.78709473357765;2;1;188;175
372.31565885393104;2;1;188;176
372.433441354245;1;0;189;176
372.72803659749746;2;1;189;176
373.19350102580347;1;0;190;176
373.3400663072472;2;1;190;176
373.5285082866432;1;0;191;176
373.5582014857757;2;1;191;176
373.5633541781589;2;1;191;177
376.01966236518234;2;1;191;178
376.5857467543742;1;0;192;178
376.6160220739085;2;1;192;178
378.15396592560563;1;0;193;178
378.86680716351793;2;1;193;178
378.8735092927652;1;0;194;178
379.60539890581117;2;1;194;178
382.2997644881753;1;0;195;178
382.73651614959715;2;1;195;178
383.1261911404616;1;0;196;178
383.3487573030147;2;1;196;178
385.7482891856977;1;0;197;178
386.6179108530004;2;1;197;178
386.73272726994594;2;1;197;179
387.341612597265;2;1;197;180
387.64175552661595;1;0;198;180
387.9595251516943;2;1;198;180
389.78209503282017;2;1;198;181
391.34996167243025;2;1;198;182
391.69757469873406;2;1;198;183
391.9503410361037;2;1;198;184
393.9577517540522;1;0;199;184
394.7510839252889;2;1;199;184
395.7836784427075;2;1;199;185
396.0039839785003;2;1;199;186
396.6983537839668;1;0;200;186
397.31110219489466;2;1;200;186
399.0990039871393;2;1;200;187
399.22322118074;1;0;201;187
399.4631739522022;2;1;201;187
399.4676020988369;2;1;201;188
400.62424727365595;2;1;201;189
402.58233756350995;1;0;202;189
402.917113708444;2;1;202;189
405.2546713741276;1;0;203;189
406.0457418237683;2;1;203;189
406.05247002175946;2;1;203;190
406.6188683398998;2;1;203;191
407.0884752224631;2;1;203;192
407.2014284638547;2;1;203;193
407.46378847800514;2;1;203;194
410.3550908410785;1;0;204;194
411.2870412838495;2;1;204;194
411.3874532142571;2;1;204;195
411.702274792161;1;0;205;195
412.1801947405483;2;1;205;195
413.00750946189316;2;1;205;196
415.2804468746526;1;0;206;196
415.9834807306844;2;1;206;196
416.90472839030537;1;0;207;196
417.3307826452526;2;1;207;196
418.0371538610819;2;1;207;197
418.7181615154628;1;0;208;197
418.8572987907696;2;1;208;197
419.76587118619585;2;1;208;198
420.3568955603715;2;1;208;199
420.61674975020054;2;1;208;200
420.86244061187307;2;1;208;201
420.86524259939097;2;1;208;202
422.2170195736602;1;0;209;202
422.9483936932529;2;1;209;202
426.6462943521517;1;0;210;202
427.1157249533695;2;1;210;202
427.6827399986516;2;1;210;203
428.64184831525637;1;0;211;203
429.3995732103537;2;1;211;203
429.75507581629546;1;0;212;203
430.0765061447882;2;1;212;203
431.61054172910525;2;1;212;204
432.19866740649206;2;1;212;205
432.48788161424307;2;1;212;206
433.37495847116674;2;1;212;207
433.5047774058515;2;1;212;208
434.20071364449547;1;0;213;208
434.608751780019;2;1;213;208
434.81305528265113;1;0;214;208
435.04104110728605;2;1;214;208
437.13160338196576;1;0;215;208
437.4444939812269;2;1;215;208
438.4978545135046;1;0;216;208
439.0010301667628;2;1;216;208
439.0632443288049;2;1;216;209
439.722134225359;2;1;216;210
440.2451742016767;2;1;216;211
440.9707103689987;1;0;217;211
441.71515857936396;2;1;217;211
442.3451884280467;1;0;218;211
442.3592817999865;2;1;218;211
443.2533962840417;2;1;218;212
447.4956682993883;1;0;219;212
449.82142920689216;2;1;219;212
449.92551575321914;2;1;219;213
449.9895253137519;2;1;219;214
450.0389596047395;2;1;219;215
450.0566195180123;1;0;220;215
450.62971632867107;2;1;220;215
452.2970509170904;1;0;221;215
454.39100048525984;2;1;221;215
454.427638791588;1;0;222;215
454.6671829566259;2;1;222;215
455.9937446348634;2;1;222;216
456.3220409467506;1;0;223;216
456.9172126180413;2;1;223;216
457.01611398639346;2;1;223;217
457.3154043331323;2;1;223;218
458.54938318927054;1;0;224;218
458.66827257413945;2;1;224;218
458.8071248499194;2;1;224;219
459.1625300589314;2;1;224;220
459.7681149733598;1;0;225;220
459.8100709052972;2;1;225;220
461.10622473981783;2;1;225;221
461.42412612630994;1;0;226;221
461.84856417954074;2;1;226;221
461.9241844920398;1;0;227;221
462.408144555224;2;1;227;221
463.59393217607766;1;0;228;221
463.8693018126607;2;1;228;221
464.419225969032;2;1;228;222
464.58303345164035;1;0;229;222
465.1299266960017;2;1;229;222
465.95763860894454;1;0;230;222
466.33788563709004;2;1;230;222
466.383186641565;1;0;231;222
467.31222546726445;2;1;231;222
467.5516179067153;2;1;231;223
467.88699539056785;2;1;231;224
468.7815280046963;1;0;232;224
469.0711654954735;2;1;232;224
469.2843390936049;1;0;233;224
469.81528200689587;2;1;233;224
470.27994979749985;1;0;234;224
470.5885476974601;2;1;234;224
471.54873366806817;2;1;234;225
471.7427886198707;2;1;234;226
472.7785180786963;1;0;235;226
472.9333066076537;2;1;235;226
473.6615994933387;1;0;236;226
473.75353821343487;2;1;236;226
474.2073426878039;1;0;237;226
474.5414258053356;2;1;237;226
474.7408350269001;2;1;237;227
478.11983217390235;1;0;238;227
478.3075418980821;2;1;238;227
478.49734285510357;2;1;238;228
478.760462345568;2;1;238;229
479.519748130556;1;0;239;229
479.65242954437883;2;1;239;229
481.80231700481386;1;0;240;229
481.82082665223135;2;1;240;229
482.14500709193504;2;1;240;230
482.55977848889256;1;0;241;230
482.81906108682267;2;1;241;230
482.9131036180521;2;1;241;231
485.3586199565117;1;0;242;231
485.3971523410678;2;1;242;231
486.35131384945174;1;0;243;231
486.8384011425877;2;1;243;231
486.9845282821634;2;1;243;232
487.7457892704133;1;0;244;232
487.78811407611624;2;1;244;232
489.00461481794207;1;0;245;232
489.0090198984947;2;1;245;232
489.01777235502334;1;0;246;232
489.2769835269329;2;1;246;232
489.57674715569254;2;1;246;233
489.96946591268676;2;1;246;234
490.1240828791923;2;1;246;235
490.2916113962995;2;1;246;236
491.36198773440753;2;1;246;237
492.2097785362594;1;0;247;237
492.34233408871836;2;1;247;237
493.0626108019094;1;0;248;237
493.1097096887616;2;1;248;237
495.0584885055171;2;1;248;238
495.341331972584;1;0;249;238
495.6062434783708;2;1;249;238
495.675184187671;1;0;250;238
496.08162805944454;2;1;250;238
497.32866862046086;2;1;250;239
497.5877845656116;2;1;250;240
497.63161502017874;2;1;250;241
498.8606456382526;2;1;250;242
499.5439119748352;2;1;250;243
499.92993610185437;2;1;250;244
500.8697546377588;1;0;251;244
501.0242751133183;2;1;251;244
501.0454294618508;1;0;252;244
501.378941834224;2;1;252;244
501.54778503214357;1;0;253;244
501.6154344030296;2;1;253;244
501.6548013777263;2;1;253;245
502.02730640022;1;0;254;245
503.20228466901295;2;1;254;245
505.12541927817307;1;0;255;245
505.55046134459815;2;1;255;245
506.7610223328618;1;0;256;245
507.1118525550372;2;1;256;245
507.1569704814633;2;1;256;246
508.81814044915234;1;0;257;246
508.8765007598955;2;1;257;246
509.64255401570597;1;0;258;246
510.37456776872466;2;1;258;246
510.3928247987439;2;1;258;247
510.5741196390167;2;1;258;248
511.17583333313473;1;0;259;248
511.21732956099856;2;1;259;248
511.91888019111343;2;1;259;249
512.0651653600402;2;1;259;250
512.9453153829139;1;0;260;250
513.6468474866194;2;1;260;250
514.9455964401799;1;0;261;250
515.7485702150797;2;1;261;250
516.4765700164909;1;0;262;250
517.1687715097274;2;1;262;250
517.6637882669168;1;0;263;250
519.0668112811327;2;1;263;250
519.1946769211437;1;0;264;250
520.7581473695614;2;1;264;250
521.6548609112151;2;1;264;251
522.104162059794;2;1;264;252
522.7902410155615;1;0;265;252
523.1466771579156;2;1;265;252
524.2512964585511;2;1;265;253
524.6143669808727;1;0;266;253
524.6777304137435;2;1;266;253
526.137073338802;1;0;267;253
526.9262005663344;2;1;267;253
527.0360751980761;2;1;267;254
527.4593249489549;1;0;268;254
527.4837660178249;2;1;268;254
528.365894020015;1;0;269;254
528.4372704855496;2;1;269;254
528.9419769547688;1;0;270;254
529.0334324152697;2;1;270;254
529.0741969543488;1;0;271;254
529.576188259088;2;1;271;254
530.1797148825724;2;1;271;255
530.3096687931652;2;1;271;256
530.4196734924791;1;0;272;256
530.9187781363509;2;1;272;256
530.9847698060765;1;0;273;256
531.5956890411476;2;1;273;256
532.7278283483408;2;1;273;257
534.322529650531;1;0;274;257
534.9430639764465;2;1;274;257
535.3536817769378;2;1;274;258
535.817757975826;2;1;274;259
536.8399248751649;2;1;274;260
537.3479675128791;1;0;275;260
538.0679731289349;2;1;275;260
538.1596213704903;1;0;276;260
538.5100994110929;2;1;276;260
539.9862635330195;1;0;277;260
540.4141409040284;2;1;277;260
540.4542850010613;1;0;278;260
540.5855094908319;2;1;278;260
540.6639557770103;2;1;278;261
542.8189731197843;1;0;279;261
544.2274660537885;2;1;279;261
544.4861060011199;2;1;279;262
545.6086081304214;2;1;279;263
547.763390826964;1;0;280;263
548.0563225453791;2;1;280;263
548.7326519371386;2;1;280;264
549.0649700038673;1;0;281;264
549.4895063599693;2;1;281;264
549.9649541759459;2;1;281;265
551.2769486624684;1;0;282;265
551.3270321008281;2;1;282;265
551.7532108125349;1;0;283;265
553.7330956853767;2;1;283;265
554.4017003459375;2;1;283;266
555.0344752219991;1;0;284;266
555.5580799521505;2;1;284;266
555.8697278474294;2;1;284;267
556.6447999546436;2;1;284;268
557.5868519577715;1;0;285;268
558.0546974237008;2;1;285;268
558.4100198617385;2;1;285;269
560.0569153136624;1;0;286;269
561.2507496026013;2;1;286;269
562.5890508470529;1;0;287;269
562.9584007875876;2;1;287;269
563.7620530801988;1;0;288;269
563.7893975791332;2;1;288;269
564.095212907675;2;1;288;270
566.2761798845712;1;0;289;270
566.6873864765677;2;1;289;270
566.7777767179726;1;0;290;270
567.0664206971569;2;1;290;270
567.3882899234994;1;0;291;270
567.4579168142762;2;1;291;270
567.7254504113145;2;1;291;271
568.1870601945124;1;0;292;271
568.2674895448728;2;1;292;271
568.4633860161114;1;0;293;271
569.4924526025925;2;1;293;271
569.6529138759902;2;1;293;272
570.2729870181927;2;1;293;273
570.7114862641081;2;1;293;274
570.7151341774598;1;0;294;274
571.6208848620595;2;1;294;274
571.7221823044351;2;1;294;275
571.8019256251314;2;1;294;276
571.8962925168717;1;0;295;276
572.0831049627352;2;1;295;276
572.163691295404;1;0;296;276
572.886323519168;2;1;296;276
572.9869742795873;1;0;297;276
573.0944456668092;2;1;297;276
574.0289250750873;2;1;297;277
574.1233323278303;1;0;298;277
575.3582513357435;2;1;298;277
575.7174243441918;1;0;299;277
576.0674851449603;2;1;299;277
577.27879146595;2;1;299;278
579.7387372215344;1;0;300;278
581.2568427793398;2;1;300;278
581.8480517682515;2;1;300;279
581.9698714042348;1;0;301;279
582.011420295805;2;1;301;279
582.3028005423332;2;1;301;280
583.5154563574567;1;0;302;280
584.1129794210707;2;1;302;280
585.1723715265341;2;1;302;281
585.2132934213264;2;1;302;282
585.6245437862987;2;1;302;283
587.3611217571722;1;0;303;283
588.0776139872063;2;1;303;283
588.3897771330178;1;0;304;283
588.6477451192382;2;1;304;283
588.7105802125504;2;1;304;284
589.6485703353587;2;1;304;285
590.4424674956838;1;0;305;285
590.6291138672121;2;1;305;285
590.6358843286541;2;1;305;286
591.4951912159293;1;0;306;286
591.7591334627044;2;1;306;286
591.9192221173219;1;0;307;286
593.3921271020096;2;1;307;286
593.8857589213625;2;1;307;287
594.0118416927561;1;0;308;287
594.0526870347221;2;1;308;287
595.1118741913851;1;0;309;287
597.3578889328908;2;1;309;287
600.2775929561899;1;0;310;287
600.6288211623533;2;1;310;287
601.0062222563324;1;0;311;287
601.1092136099361;2;1;311;287
601.7673333752017;1;0;312;287
602.0231873338294;2;1;312;287
602.9937301849616;2;1;312;288
603.4181908798231;1;0;313;288
603.8289402624513;2;1;313;288
604.8162755203715;1;0;314;288
606.3441964359553;2;1;314;288
606.5830789368556;2;1;314;289
607.1525774075653;1;0;315;289
607.3019064824349;2;1;315;289
609.6802162194389;1;0;316;289
609.6854473973287;2;1;316;289
610.4920252112156;1;0;317;289
610.6235744426361;2;1;317;289
614.4201512364992;1;0;318;289
614.7312347764451;2;1;318;289
615.0286198834706;2;1;318;290
616.6603753164609;1;0;319;290
617.9097842196253;2;1;319;290
617.960136074907;1;0;320;290
618.6601871768145;2;1;320;290
619.1757566498242;1;0;321;290
619.5345176262512;2;1;321;290
619.6512648192811;2;1;321;291
619.8929959190224;1;0;322;291
620.0251372896811;2;1;322;291
620.7979288863703;2;1;322;292
622.1595609657783;1;0;323;292
622.4517911370685;2;1;323;292
622.5833111693543;1;0;324;292
622.9686092575101;2;1;324;292
623.8828697646541;1;0;325;292
625.7239114172213;2;1;325;292
628.5347104493104;1;0;326;292
630.7627880688333;2;1;326;292
632.8463734103635;1;0;327;292
632.9777969228286;2;1;327;292
634.045303580493;2;1;327;293
634.0755362943594;2;1;327;294
634.3108398631056;2;1;327;295
634.4251148784859;1;0;328;295
634.6799905345978;2;1;328;295
635.4703781444116;1;0;329;295
636.3100427466762;2;1;329;295
636.9975373486471;2;1;329;296
644.2969795097874;1;0;330;296
644.3595016446619;2;1;330;296
644.9162332946275;2;1;330;297
647.5429713489829;1;0;331;297
648.4042445837287;2;1;331;297
648.7686169144591;2;1;331;298
650.7077854537318;1;0;332;298
651.2056652188043;2;1;332;298
651.3879187707471;1;0;333;298
652.5894664121432;2;1;333;298
653.6313327305527;1;0;334;298
654.7828088630863;2;1;334;298
654.9446982178423;1;0;335;298
655.0352783651365;2;1;335;298
655.6860184690624;1;0;336;298
656.1095441711011;2;1;336;298
657.7304041676495;2;1;336;299
658.2944033859936;1;0;337;299
658.9729240770695;2;1;337;299
659.0816517112216;1;0;338;299
659.2451156006614;2;1;338;299
659.7210014785576;1;0;339;299
659.7834258340029;2;1;339;299
659.929755062183;1;0;340;299
660.1339972283553;2;1;340;299
661.3868982298801;1;0;341;299
661.8574016900758;2;1;341;299
662.0895796205054;1;0;342;299
662.1300422862205;2;1;342;299
662.9727387883039;1;0;343;299
664.3718463707362;2;1;343;299
664.5913017544902;2;1;343;300
664.6198407190562;2;1;343;301
668.0233663888391;1;0;344;301
668.108780717275;2;1;344;301
668.355603777938;2;1;344;302
668.5560149770527;1;0;345;302
669.2554927798858;2;1;345;302
669.5131223450938;1;0;346;302
671.0718665145286;2;1;346;302
671.4876333577267;2;1;346;303
672.1940542462924;1;0;347;303
672.2112173377435;2;1;347;303
673.2113628578016;2;1;347;304
673.4161967282968;2;1;347;305
674.0543578970564;2;1;347;306
674.2380996231826;1;0;348;306
674.5374480531832;2;1;348;306
674.6910030896541;2;1;348;307
674.8866748961875;1;0;349;307
675.1684709352088;2;1;349;307
677.6970802618985;1;0;350;307
677.8610472687834;2;1;350;307
678.6011961801099;2;1;350;308
678.7863252078677;1;0;351;308
679.1964099316283;2;1;351;308
679.3954861710018;1;0;352;308
679.5289913189048;2;1;352;308
681.6368243646236;1;0;353;308
681.6729300784617;2;1;353;308
683.7489063183801;1;0;354;308
683.9019805458971;2;1;354;308
684.055480204356;1;0;355;308
684.6645736033464;2;1;355;308
684.6816339073899;2;1;355;309
684.7704707430063;2;1;355;310
685.405212070675;2;1;355;311
686.0130141191395;1;0;356;311
687.1189558925705;2;1;356;311
687.5592845653676;1;0;357;311
687.6597589791551;2;1;357;311
687.8912914777628;2;1;357;312
687.9102116284585;1;0;358;312
687.9558960879178;2;1;358;312
689.0230896526608;1;0;359;312
689.329320362381;2;1;359;312
689.4895282157421;1;0;360;312
689.8062823017249;2;1;360;312
689.8301241695472;1;0;361;312
689.9831020548565;2;1;361;312
690.1460653062755;1;0;362;312
690.3337971956637;2;1;362;312
691.4440080660389;1;0;363;312
691.7813165575736;2;1;363;312
691.7842557272014;2;1;363;313
692.2306107027287;2;1;363;314
692.4146710220164;1;0;364;314
692.8376917797985;2;1;364;314
693.126182821093;2;1;364;315
695.3022491280763;1;0;365;315
695.5437151966818;2;1;365;315
696.2908613826967;1;0;366;315
696.5941083079009;2;1;366;315
696.616023082481;1;0;367;315
696.8733076777484;2;1;367;315
697.0981293424192;1;0;368;315
697.1150401563638;2;1;368;315
697.1742474849259;2;1;368;316
698.1727775418584;1;0;369;316
698.639040381177;2;1;369;316
698.8202555877597;2;1;369;317
701.5822905096933;1;0;370;317
701.7680405560944;2;1;370;317
702.7929130274191;2;1;370;318
702.9052288513578;2;1;370;319
703.5672773493518;2;1;370;320
704.4301063965987;1;0;371;320
705.3035709707905;2;1;371;320
705.3699608155068;2;1;371;321
705.3936685144286;1;0;372;321
705.575664947714;2;1;372;321
705.6508580662135;2;1;372;322
706.1843530576772;1;0;373;322
706.4495339688879;2;1;373;322
706.6440848147638;2;1;373;323
707.9049038768699;1;0;374;323
708.4318947550222;2;1;374;323
708.9752461636832;1;0;375;323
709.2301395985737;2;1;375;323
709.475145512591;2;1;375;324
710.9117385825155;1;0;376;324
711.1220722987136;2;1;376;324
711.1488578963153;2;1;376;325
711.985717471726;1;0;377;325
712.1825563750649;2;1;377;325
712.5762959639216;2;1;377;326
712.8890170078254;2;1;377;327
713.1200040380122;1;0;378;327
713.9569603240958;2;1;378;327
715.7821525753941;1;0;379;327
715.8440490870688;2;1;379;327
716.0429661065093;1;0;380;327
716.5398942242538;2;1;380;327
717.3196520283816;2;1;380;328
717.5021425375038;2;1;380;329
718.566468847148;1;0;381;329
719.0407954460127;2;1;381;329
719.1918858270521;2;1;381;330
719.3284926165791;2;1;381;331
719.4486449415745;2;1;381;332
720.1231195970036;2;1;381;333
722.0458314441705;1;0;382;333
723.0214445581162;2;1;382;333
723.5699495918302;2;1;382;334
723.6074305964426;1;0;383;334
723.9389511212796;2;1;383;334
724.5953765298715;2;1;383;335
724.780617150761;1;0;384;335
724.8205060765366;2;1;384;335
728.1504284508271;1;0;385;335
729.2811877648415;2;1;385;335
730.3716235552901;1;0;386;335
730.421175969775;2;1;386;335
731.4017961089621;1;0;387;335
731.9216475602657;2;1;387;335
732.2225712548404;2;1;387;336
733.7638768442275;1;0;388;336
734.2944683528724;2;1;388;336
734.454234262807;2;1;388;337
734.8767503311727;2;1;388;338
736.2805321923302;2;1;388;339
737.7309936316642;1;0;389;339
738.9720106540549;2;1;389;339
739.4378050475801;2;1;389;340
739.5242504071383;2;1;389;341
740.0237863839491;2;1;389;342
740.4863882832244;2;1;389;343
740.8833006223891;1;0;390;343
741.1931437005738;2;1;390;343
743.8553580425818;2;1;390;344
744.1495690545139;2;1;390;345
744.4505213854321;1;0;391;345
744.8188153351136;2;1;391;345
745.6735420314299;2;1;391;346
747.3179318154743;1;0;392;346
747.4070598289069;2;1;392;346
747.6878275401479;2;1;392;347
748.0191433409777;2;1;392;348
748.1662086277511;2;1;392;349
748.1994705251942;2;1;392;350
749.7978357211493;1;0;393;350
750.9039579511359;2;1;393;350
751.6152748419587;1;0;394;350
751.7456931713645;2;1;394;350
751.8104031749683;2;1;394;351
752.2532154477734;2;1;394;352
752.7819186949214;1;0;395;352
752.9890268391798;2;1;395;352
753.127140605344;2;1;395;353
753.3838550751684;2;1;395;354
753.4735405792047;2;1;395;355
753.5083233634922;2;1;395;356
753.9342256217416;1;0;396;356
754.0705481319147;2;1;396;356
754.0778650380082;1;0;397;356
754.3224056445612;2;1;397;356
754.9803488579315;1;0;398;356
755.0288689968327;2;1;398;356
755.211177054277;2;1;398;357
755.7268503741801;1;0;399;357
756.8592900975844;2;1;399;357
757.0564875820235;1;0;400;357
757.3131308090166;2;1;400;357
757.6075957454636;1;0;401;357
758.632788247514;2;1;401;357
758.6750890465544;2;1;401;358
760.3416600569362;1;0;402;358
760.4719528094731;2;1;402;358
761.4951719911879;2;1;402;359
761.8131837427644;1;0;403;359
762.0306619717192;2;1;403;359
762.5984962517742;1;0;404;359
762.6647165704286;2;1;404;359
762.9958021068372;2;1;404;360
763.1588928790949;2;1;404;361
763.4134233669175;2;1;404;362
764.2535173185266;1;0;405;362
764.4900778853022;2;1;405;362
766.4879672465792;1;0;406;362
767.7102391793926;2;1;406;362
768.561291441026;2;1;406;363
768.7882186834865;1;0;407;363
768.8562514466121;2;1;407;363
769.813180753091;1;0;408;363
769.935287565604;2;1;408;363
770.434369512895;2;1;408;364
770.743849514692;2;1;408;365
771.2492914837251;2;1;408;366
771.5606849747236;2;1;408;367
773.0547857174967;1;0;409;367
773.4946200107785;2;1;409;367
774.597569740015;1;0;410;367
775.0195813735472;2;1;410;367
778.0990638095936;1;0;411;367
779.1729082099741;2;1;411;367
779.6785186805816;1;0;412;367
780.3385098597082;2;1;412;367
781.868125193115;1;0;413;367
782.6880240793141;2;1;413;367
783.34105021166;1;0;414;367
784.0669422057678;2;1;414;367
784.2996987973079;2;1;414;368
784.8451487424496;2;1;414;369
784.8845789131638;2;1;414;370
785.2409051697052;2;1;414;371
785.9898130559484;1;0;415;371
785.9920062661549;2;1;415;371
786.745721807254;2;1;415;372
787.2291827178697;2;1;415;373
788.7510261267752;2;1;415;374
789.6042276686974;2;1;415;375
789.8422938698774;1;0;416;375
789.8689258710524;2;1;416;375
790.1328644427782;1;0;417;375
790.727686379281;2;1;417;375
791.6327550146988;1;0;418;375
793.0465213285336;2;1;418;375
793.0566213986982;2;1;418;376
793.186795137827;2;1;418;377
793.3659011389028;1;0;419;377
794.2844242070003;2;1;419;377
794.3456759544312;2;1;419;378
796.7045564519921;2;1;419;379
797.2749047350103;1;0;420;379
797.3196665654884;2;1;420;379
797.4007830539458;2;1;420;380
799.3352173790091;2;1;420;381
799.8568536634674;2;1;420;382
800.236886147607;1;0;421;382
800.5028996808765;2;1;421;382
801.7033212027804;1;0;422;382
802.5837958349885;2;1;422;382
803.2570137567171;1;0;423;382
803.7557326287568;2;1;423;382
804.0349601565116;2;1;423;383
804.7175515860515;1;0;424;383
805.5043256931;2;1;424;383
806.9334261813838;1;0;425;383
807.0347693674373;2;1;425;383
808.0016008952967;1;0;426;383
808.1061360527211;2;1;426;383
808.394724865748;2;1;426;384
808.6088717858092;2;1;426;385
811.6226110698439;1;0;427;385
811.6240542771394;2;1;427;385
811.8490520029768;1;0;428;385
812.9820477373731;2;1;428;385
813.3701383140544;2;1;428;386
815.1644195409478;1;0;429;386
815.8650535255505;2;1;429;386
816.0628435311206;2;1;429;387
816.5277016908701;2;1;429;388
816.7426716856115;2;1;429;389
816.9643964876653;1;0;430;389
817.4601023880651;2;1;430;389
817.5701343202701;2;1;430;390
818.3845233397549;1;0;431;390
818.640596806744;2;1;431;390
818.7763615219818;2;1;431;391
819.2684381387079;2;1;431;392
821.8126234190245;1;0;432;392
822.1692563717394;2;1;432;392
822.7222470988931;2;1;432;393
823.143754551918;2;1;432;394
823.2067192970143;2;1;432;395
829.056330224582;1;0;433;395
829.534687282865;2;1;433;395
831.1512122285275;1;0;434;395
832.0524284777158;2;1;434;395
832.3329803014317;1;0;435;395
833.6270958835959;2;1;435;395
835.6813905205153;1;0;436;395
837.0245023596567;2;1;436;395
837.1328702903838;1;0;437;395
837.6309616556837;2;1;437;395
837.7966541753326;2;1;437;396
838.0956443691413;1;0;438;396
838.1243444866601;2;1;438;396
838.1257398104242;2;1;438;397
838.6665348578816;1;0;439;397
839.4044967048906;2;1;439;397
839.7348917659946;2;1;439;398
839.9476600301241;2;1;439;399
840.232907776165;2;1;439;400
842.0357235116414;2;1;439;401
842.0966627956866;2;1;439;402
842.1822972551013;2;1;439;403
842.297109354695;2;1;439;404
842.7891635944073;1;0;440;404
843.2976709687277;2;1;440;404
843.3134893149876;2;1;440;405
843.3886169266437;2;1;440;406
844.6681394714209;1;0;441;406
844.7437076338567;2;1;441;406
846.8976249109753;1;0;442;406
847.5507793649249;2;1;442;406
848.5444645716594;2;1;442;407
850.7724285425652;1;0;443;407
850.7947022539862;2;1;443;407
851.4537503432244;1;0;444;407
851.7562325118545;2;1;444;407
852.3546047242646;2;1;444;408
852.4318245196474;1;0;445;408
853.5357003055576;2;1;445;408
854.7275803981872;1;0;446;408
855.1520395155055;2;1;446;408
855.5463537918646;1;0;447;408
856.1141854653134;2;1;447;408
856.2657193302198;2;1;447;409
856.7338434804675;2;1;447;410
857.2172241391726;2;1;447;411
857.7233942732602;1;0;448;411
858.3396494784739;2;1;448;411
858.704795363933;2;1;448;412
859.1775143165465;2;1;448;413
859.2753507909985;2;1;448;414
859.7673036468207;1;0;449;414
860.097468655395;2;1;449;414
860.1846264233254;2;1;449;415
860.3273600564369;1;0;450;415
860.44290312584;2;1;450;415
860.8000347984309;1;0;451;415
860.921648740691;2;1;451;415
861.4630072953714;1;0;452;415
861.5018643180543;2;1;452;415
861.5121399178644;1;0;453;415
861.6635775888437;2;1;453;415
862.1427204435273;2;1;453;416
862.2032448880241;2;1;453;417
862.2639694101125;2;1;453;418
863.362926960355;2;1;453;419
866.664763053318;1;0;454;419
867.372436900565;2;1;454;419
867.7682233842991;1;0;455;419
867.8336490321113;2;1;455;419
868.0480488834605;2;1;455;420
868.2546525586988;1;0;456;420
868.2797056630295;2;1;456;420
868.3623387566067;1;0;457;420
869.5821190196476;2;1;457;420
870.2722486382889;2;1;457;421
871.5791636657589;2;1;457;422
872.4996869942216;1;0;458;422
872.6728192007832;2;1;458;422
873.4872752716501;1;0;459;422
873.5028416793816;2;1;459;422
874.9250640674691;1;0;460;422
875.3779386382612;2;1;460;422
876.1447199098435;1;0;461;422
876.2319317237864;2;1;461;422
876.6397173066636;2;1;461;423
878.0329101445652;1;0;462;423
878.5735299071491;2;1;462;423
879.11310565616;1;0;463;423
880.382875203122;2;1;463;423
880.6319241068728;2;1;463;424
881.0178734177501;1;0;464;424
881.5594478795383;2;1;464;424
882.1262332359674;1;0;465;424
882.2555219408532;2;1;465;424
882.4121781144921;2;1;465;425
882.6161051913165;2;1;465;426
883.9594191728212;1;0;466;426
884.6921589757782;2;1;466;426
885.409135688442;2;1;466;427
885.478902821215;1;0;467;427
886.5818925118397;2;1;467;427
886.6173365619263;2;1;467;428
886.7714113319204;2;1;467;429
888.7084196786217;1;0;468;429
888.8506867311079;2;1;468;429
889.7507273872777;2;1;468;430
890.0910586550409;2;1;468;431
890.3306320007157;2;1;468;432
891.7226193439103;2;1;468;433
891.732765810252;2;1;468;434
891.8965813142825;2;1;468;435
892.0939772161474;2;1;468;436
893.1888891225285;1;0;469;436
893.1949378392104;2;1;469;436
893.577209821693;1;0;470;436
894.0719661402896;2;1;470;436
894.6306708761982;1;0;471;436
894.7598341459808;2;1;471;436
895.5473314038046;2;1;471;437
896.4791857993944;1;0;472;437
896.9272392777983;2;1;472;437
898.0543708660437;1;0;473;437
898.7078166091262;2;1;473;437
900.2258802478772;2;1;473;438
900.2586473662446;2;1;473;439
901.5457398764437;1;0;474;439
901.9477250456871;2;1;474;439
904.7563961573992;1;0;475;439
906.0484364250109;2;1;475;439
906.316603960182;1;0;476;439
907.5355136034732;2;1;476;439
907.6716279716885;1;0;477;439
907.9348707818702;2;1;477;439
909.8807032459381;1;0;478;439
910.05283657956;2;1;478;439
910.63704750014;1;0;479;439
912.5243018002582;2;1;479;439
912.5887717366421;2;1;479;440
912.8619328804712;2;1;479;441
913.4673206095724;1;0;480;441
913.6758195667759;2;1;480;441
914.6776117107686;1;0;481;441
914.7312118425172;2;1;481;441
915.0981115647327;2;1;481;442
916.4683820880618;1;0;482;442
916.5122509327397;2;1;482;442
918.1584086451828;1;0;483;442
918.2187232952042;2;1;483;442
918.5204031530236;2;1;483;443
918.6542672784889;1;0;484;443
918.9623087910767;2;1;484;443
919.0031254272436;2;1;484;444
919.3801118160313;2;1;484;445
919.4127396181171;1;0;485;445
919.4511383587768;2;1;485;445
920.8038774063535;1;0;486;445
920.9532384772982;2;1;486;445
921.0931590820036;1;0;487;445
922.6977540593319;2;1;487;445
923.0272292276919;2;1;487;446
923.0716811718986;2;1;487;447
923.310322832893;1;0;488;447
923.3114947053344;2;1;488;447
923.6409443331935;2;1;488;448
924.4878325601147;2;1;488;449
924.820289648953;1;0;489;449
926.3696477502624;2;1;489;449
926.6473599364442;1;0;490;449
926.8406095947222;2;1;490;449
927.3710333734102;1;0;491;449
927.3877386749509;2;1;491;449
927.7232278389197;2;1;491;450
928.2051381846927;1;0;492;450
928.9578295203148;2;1;492;450
929.096853709529;1;0;493;450
930.6708411712448;2;1;493;450
931.5076366402477;1;0;494;450
932.4068642331571;2;1;494;450
932.7865337002061;2;1;494;451
932.9824064927795;2;1;494;452
935.5187943770588;1;0;495;452
935.6476232301342;2;1;495;452
937.3171063517949;2;1;495;453
938.7786310889102;1;0;496;453
939.0019549272718;2;1;496;453
939.2381373529264;2;1;496;454
940.2596492926039;2;1;496;455
941.0014787711343;2;1;496;456
942.9007663551821;1;0;497;456
943.5062180527123;2;1;497;456
943.7066198453092;2;1;497;457
943.7494905581011;2;1;497;458
944.245081089972;1;0;498;458
944.4800021405607;2;1;498;458
944.6512215804205;1;0;499;458
944.9804669077528;2;1;499;458
945.2819427276042;2;1;499;459
945.6143632892307;2;1;499;460
946.0869176628182;1;0;500;460
946.4964972644219;2;1;500;460
946.596463973784;2;1;500;461
946.8692731966484;2;1;500;462
947.0597442239359;1;0;501;462
947.6327514255751;2;1;501;462
948.0273359856154;1;0;502;462
949.0486183393119;2;1;502;462
950.7696698128341;1;0;503;462
950.7721852829137;2;1;503;462
952.0603734498919;1;0;504;462
953.0218199475671;2;1;504;462
953.2958136901365;2;1;504;463
953.716870393214;1;0;505;463
953.8587933255194;2;1;505;463
954.1330644227866;1;0;506;463
954.2160505226353;2;1;506;463
954.5530608576855;2;1;506;464
955.0054305601519;1;0;507;464
955.1400175613855;2;1;507;464
957.6127190977759;1;0;508;464
957.7280611253694;2;1;508;464
957.8674406843784;1;0;509;464
958.3860338806305;2;1;509;464
958.6597478546373;2;1;509;465
959.1091960410984;1;0;510;465
959.4773439666192;2;1;510;465
959.4911037357073;2;1;510;466
959.940449047075;1;0;511;466
960.0592194665292;2;1;511;466
960.156079373785;1;0;512;466
960.5211326243776;2;1;512;466
961.2572992258603;2;1;512;467
963.2951185597726;1;0;513;467
964.7823292473053;2;1;513;467
964.8109211750758;2;1;513;468
967.2339554965519;1;0;514;468
968.1114434669526;2;1;514;468
969.4546003480962;1;0;515;468
970.059648229559;2;1;515;468
970.8215658794054;2;1;515;469
971.6523260050361;2;1;515;470
971.9598051933355;2;1;515;471
972.0370142811056;2;1;515;472
972.7073400154579;2;1;515;473
973.2039737591414;2;1;515;474
973.6977512946636;2;1;515;475
973.8547244553167;2;1;515;476
975.0895645123294;2;1;515;477
975.5491580766171;2;1;515;478
977.0162420746879;1;0;516;478
977.543411898694;2;1;516;478
977.9146572648716;1;0;517;478
978.3352760186627;2;1;517;478
978.9841560482844;1;0;518;478
979.2476737922746;2;1;518;478
980.6812740800833;2;1;518;479
980.7410619984623;2;1;518;480
981.2423630804445;2;1;518;481
981.3465260803451;2;1;518;482
981.4781982154735;2;1;518;483
983.5503447717774;1;0;519;483
983.7812250380471;2;1;519;483
984.3354558486038;1;0;520;483
985.1171688443867;2;1;520;483
985.7550312216435;2;1;520;484
985.882740067122;2;1;520;485
986.7377361303053;1;0;521;485
988.1518801803713;2;1;521;485
988.2423510392402;2;1;521;486
989.6669302558171;1;0;522;486
991.1576628981105;2;1;522;486
991.2167858641938;2;1;522;487
991.2919661935136;1;0;523;487
991.8033875389742;2;1;523;487
991.8412137222908;2;1;523;488
991.980805053486;2;1;523;489
991.9894030510649;2;1;523;490
992.4829398022308;2;1;523;491
993.7313078643018;2;1;523;492
994.2266243837331;2;1;523;493
994.3745299884072;1;0;524;493
995.1908068135677;2;1;524;493
995.2186713987286;1;0;525;493
995.4084834614933;2;1;525;493
995.7587313899369;1;0;526;493
995.8382353440771;2;1;526;493
999.6222459679207;1;0;527;493
999.7355077830356;2;1;527;493
1000.0417392370579;2;1;527;494
